Wheat - Monthly Price,,,
Month,Price,Change,Production
9-May,261.48,-,60117
9-Jun,256.64,-1.85%,60117
9-Jul,224.85,-12.39%,60117
9-Aug,210.37,-6.44%,60117
9-Sep,191.09,-9.16%,60117
9-Oct,198.85,4.06%,60117
9-Nov,211.04,6.13%,60117
9-Dec,206.25,-2.27%,60117
10-Jan,201.19,-2.45%,58868
10-Feb,194,-3.57%,58868
10-Mar,191.08,-1.51%,58868
10-Apr,192.87,0.94%,58868
10-May,181.61,-5.84%,58868
10-Jun,157.67,-13.18%,58868
10-Jul,195.82,24.20%,58868
10-Aug,246.25,25.75%,58868
10-Sep,271.67,10.32%,58868
10-Oct,270.23,-0.53%,58868
10-Nov,274.08,1.42%,58868
10-Dec,306.52,11.84%,58868
11-Jan,326.56,6.54%,54244
11-Feb,348.12,6.60%,54244
11-Mar,316.75,-9.01%,54244
11-Apr,336.12,6.12%,54244
11-May,355.28,5.70%,54244
11-Jun,326.43,-8.12%,54244
11-Jul,303.88,-6.91%,54244
11-Aug,327.07,7.63%,54244
11-Sep,315.92,-3.41%,54244
11-Oct,289.01,-8.52%,54244
11-Nov,281.01,-2.77%,54244
11-Dec,269.03,-4.26%,54244
12-Jan,274.89,2.18%,61298
12-Feb,277.77,1.05%,61298
12-Mar,283.88,2.20%,61298
12-Apr,266.32,-6.19%,61298
12-May,264.36,-0.74%,61298
12-Jun,276.19,4.47%,61298
12-Jul,345.69,25.16%,61298
12-Aug,349.4,1.07%,61298
12-Sep,353.42,1.15%,61298
12-Oct,358.2,1.35%,61298
12-Nov,360.82,0.73%,61298
12-Dec,347.96,-3.56%,61298
13-Jan,335.47,-3.59%,58105
13-Feb,318.94,-4.93%,58105
13-Mar,309.75,-2.88%,58105
13-Apr,308.28,-0.47%,58105
13-May,319.67,3.69%,58105
13-Jun,313.42,-1.96%,58105
13-Jul,304.61,-2.81%,58105
13-Aug,305.34,0.24%,58105
13-Sep,307.51,0.71%,58105
13-Oct,325.69,5.91%,58105
13-Nov,306.75,-5.82%,58105
13-Dec,291.56,-4.95%,58105
14-Jan,275.58,-5.48%,55147
14-Feb,292.11,6.00%,55147
14-Mar,323.71,10.82%,55147
14-Apr,324.81,0.34%,55147
14-May,334.73,3.05%,55147
14-Jun,306.44,-8.45%,55147
14-Jul,280.35,-8.51%,55147
14-Aug,263.45,-6.03%,55147
14-Sep,243.61,-7.53%,55147
14-Oct,245.45,0.76%,55147
14-Nov,258.68,5.39%,55147
14-Dec,269.7,4.26%,55147
15-Jan,248.39,-7.90%,56117
15-Feb,237,-4.59%,56117
15-Mar,230.75,-2.64%,56117
15-Apr,223.4,-3.18%,56117
15-May,215.32,-3.62%,56117
15-Jun,209.81,-2.56%,56117
15-Jul,197.31,-5.96%,56117
15-Aug,179.68,-8.94%,56117
15-Sep,172.7,-3.88%,56117
15-Oct,172.71,0.01%,56117
15-Nov,177.1,2.54%,56117
15-Dec,189.23,6.85%,56117
16-Jan,193.27,2.13%,62832
16-Feb,187.03,-3.23%,62832
16-Mar,191.07,2.16%,62832
16-Apr,187.39,-1.93%,62832
16-May,171.96,-8.23%,62832
16-Jun,173.06,0.64%,62832
16-Jul,151.75,-12.31%,62832
16-Aug,149.18,-1.69%,62832
16-Sep,150.65,0.99%,62832
16-Oct,151.75,0.73%,62832
16-Nov,150.65,-0.72%,62832
16-Dec,141.83,-5.85%,62832
17-Jan,153.22,8.03%,47380
17-Feb,155.06,1.20%,47380
17-Mar,154.32,-0.48%,47380
17-Apr,166.08,7.62%,47380
17-May,180.41,8.63%,47380
17-Jun,189.6,5.09%,47380
17-Jul,202.46,6.78%,47380
17-Aug,171.23,-15.43%,47380
17-Sep,178.57,4.29%,47380
17-Oct,175.63,-1.65%,47380
17-Nov,179.68,2.31%,47380
17-Dec,184.09,2.45%,47380
18-Jan,192.17,4.39%,51287
18-Feb,192.17,0.00%,51287
18-Mar,192.17,0.00%,51287
18-Apr,213.85,11.28%,51287
18-May,213.85,0.00%,51287
18-Jun,219.36,2.58%,51287
18-Jul,218.26,-0.50%,51287
18-Aug,236.63,8.42%,51287
18-Sep,212.38,-10.25%,51287
18-Oct,213.48,0.52%,51287
18-Nov,203.56,-4.65%,51287
18-Dec,211.28,3.79%,51287
19-Jan,209.81,-0.70%,51624
19-Feb,218.99,4.38%,51624
19-Mar,205.76,-6.04%,51624
19-Apr,199.52,-3.03%,51624